accession,cds_name,pep_name
GCA_000002235,Strongylocentrotus_purpuratus.Spur_5.0.cds.all.fa,Strongylocentrotus_purpuratus.Spur_5.0.pep.all.fa
GCA_001039355,Lingula_anatina_gca001039355v2.LinAna2.0.cds.all.fa,Lingula_anatina_gca001039355v2.LinAna2.0.pep.all.fa
GCA_017591435,Portunus_trituberculatus_gca017591435v1.GCA017591435v1.cds.all.fa,Portunus_trituberculatus_gca017591435v1.GCA017591435v1.pep.all.fa
GCA_000517525,Limulus_polyphemus_gca000517525v1.Limulus_polyphemus_2.1.2.cds.all.fa,Limulus_polyphemus_gca000517525v1.Limulus_polyphemus_2.1.2.pep.all.fa
GCA_002217175,Folsomia_candida.ASM221717v1.cds.all.fa,Folsomia_candida.ASM221717v1.pep.all.fa
GCA_000183805,Loa_loa.Loa_loa_V3.cds.all.fa,Loa_loa.Loa_loa_V3.pep.all.fa
GCA_000326865,Helobdella_robusta.Helro1.cds.all.fa,Helobdella_robusta.Helro1.pep.all.fa
GCA_904063045,Dimorphilus_gyrociliatus_gca904063045v1.GCA904063045v1.cds.all.fa,Dimorphilus_gyrociliatus_gca904063045v1.GCA904063045v1.pep.all.fa
GCA_021134715,Daphnia_pulex.V1.0.cds.all.fa,Daphnia_pulex.V1.0.pep.all.fa
GCA_016920785,Ixodes_scapularis_ise6.IscaI1.cds.all.fa,Ixodes_scapularis_ise6.IscaI1.pep.all.fa
GCA_002042975,Orbicella_faveolata_gca002042975v1.ofav_dov_v1.cds.all.fa,Orbicella_faveolata_gca002042975v1.ofav_dov_v1.pep.all.fa
GCA_000347755,Ceratitis_capitata_gca000347755v4.Ccap_2.0.cds.all.fa,Ceratitis_capitata_gca000347755v4.Ccap_2.0.pep.all.fa
GCA_002204515,Aedes_aegypti_lvpagwg.AaegL5.cds.all.fa,Aedes_aegypti_lvpagwg.AaegL5.pep.all.fa
GCA_002571385,Stylophora_pistillata_gca002571385v1.Stylophora_pistillata_v1.cds.all.fa,Stylophora_pistillata_gca002571385v1.Stylophora_pistillata_v1.pep.all.fa
GCA_001417965,Exaiptasia_diaphana_gca001417965v1.Aiptasia_genome_1.1.cds.all.fa,Exaiptasia_diaphana_gca001417965v1.Aiptasia_genome_1.1.pep.all.fa
GCA_003704095,Pocillopora_damicornis_gca003704095v1.GCA003704095v1.cds.all.fa,Pocillopora_damicornis_gca003704095v1.GCA003704095v1.pep.all.fa
GCA_000002335,Tribolium_castaneum.Tcas5.2.cds.all.fa,Tribolium_castaneum.Tcas5.2.pep.all.fa
GCA_001949145,Acanthaster_planci_gca001949145v1.OKI_Apl_1.0.cds.all.fa,Acanthaster_planci_gca001949145v1.OKI_Apl_1.0.pep.all.fa
GCA_000699445,Schistosoma_haematobium_gca000699445v2rs.SchHae_2.0.cds.all.fa,Schistosoma_haematobium_gca000699445v2rs.SchHae_2.0.pep.all.fa
GCA_010614865,Stegodyphus_dumicola_gca010614865v2rs.GCA010614865v2.cds.all.fa,Stegodyphus_dumicola_gca010614865v2rs.GCA010614865v2.pep.all.fa
GCA_003676215,Rhopalosiphum_maidis_gca003676215v3.GCA003676215v3.cds.all.fa,Rhopalosiphum_maidis_gca003676215v3.GCA003676215v3.pep.all.fa
GCA_000006295,Pediculus_humanus.PhumU2.cds.all.fa,Pediculus_humanus.PhumU2.pep.all.fa
GCA_015732765,Culex_quinquefasciatus_gca015732765v1.VPISU_Cqui_1.0_pri_paternal.cds.all.fa,Culex_quinquefasciatus_gca015732765v1.VPISU_Cqui_1.0_pri_paternal.pep.all.fa
GCA_000485595,Priapulus_caudatus_gca000485595v2.Priapulus_caudatus-5.0.1.cds.all.fa,Priapulus_caudatus_gca000485595v2.Priapulus_caudatus-5.0.1.pep.all.fa
GCA_002082055,Hypsibius_exemplaris_gca002082055v1.nHd_3.1.cds.all.fa,Hypsibius_exemplaris_gca002082055v1.nHd_3.1.pep.all.fa
GCA_020424385,Procambarus_clarkii_gca020424385v2.GCA020424385v2.cds.all.fa,Procambarus_clarkii_gca020424385v2.GCA020424385v2.pep.all.fa
GCA_001901225,Dermatophagoides_pteronyssinus_gca001901225v2.GCA001901225v2.cds.all.fa,Dermatophagoides_pteronyssinus_gca001901225v2.GCA001901225v2.pep.all.fa
GCA_000827895,Thelohanellus_kitauei.ASM82789v1.cds.all.fa,Thelohanellus_kitauei.ASM82789v1.pep.all.fa
GCA_000696155,Zootermopsis_nevadensis.ZooNev1.0.cds.all.fa,Zootermopsis_nevadensis.ZooNev1.0.pep.all.fa
GCA_000002985,Caenorhabditis_elegans.WBcel235.cds.all.fa,Caenorhabditis_elegans.WBcel235.pep.all.fa
GCA_002022765,Crassostrea_virginica_gca002022765v4.C_virginica_3.0.cds.all.fa,Crassostrea_virginica_gca002022765v4.C_virginica_3.0.pep.all.fa
GCA_000001215,Drosophila_melanogaster.BDGP6.32.cds.all.fa,Drosophila_melanogaster.BDGP6.32.pep.all.fa
GCA_016617805,Bactrocera_tryoni_gca016617805v2.CSIRO_BtryS06_freeze1.cds.all.fa,Bactrocera_tryoni_gca016617805v2.CSIRO_BtryS06_freeze1.pep.all.fa
GCA_022113875,Hydra_vulgaris_gca022113875v1rs.Hydra_105_v3.cds.all.fa,Hydra_vulgaris_gca022113875v1rs.Hydra_105_v3.pep.all.fa
GCA_003073045,Pomacea_canaliculata_gca003073045v1.GCA003073045v1.cds.all.fa,Pomacea_canaliculata_gca003073045v1.GCA003073045v1.pep.all.fa
GCA_905115235,Hermetia_illucens_gca905115235v1.GCA905115235v1.cds.all.fa,Hermetia_illucens_gca905115235v1.GCA905115235v1.pep.all.fa
GCA_000002075,Aplysia_californica_gca000002075v2.AplCal3.0.cds.all.fa,Aplysia_californica_gca000002075v2.AplCal3.0.pep.all.fa
GCA_000524195,Echinococcus_granulosus_gca000524195v1rs.GCA000524195v1.cds.all.fa,Echinococcus_granulosus_gca000524195v1rs.GCA000524195v1.pep.all.fa
GCA_000591075,Eurytemora_affinis_gca000591075v2.Eaff_2.0.cds.all.fa,Eurytemora_affinis_gca000591075v2.Eaff_2.0.pep.all.fa
GCA_015706575,Patiria_miniata_gca015706575v1.GCA015706575v1.cds.all.fa,Patiria_miniata_gca015706575v1.GCA015706575v1.pep.all.fa
GCA_001040885,Strongyloides_ratti.S_ratti_ED321_v5_0_4.cds.all.fa,Strongyloides_ratti.S_ratti_ED321_v5_0_4.pep.all.fa
GCA_023055435,Haliotis_rufescens_gca023055435v1rs.xgHalRufe1.0.p.cds.all.fa,Haliotis_rufescens_gca023055435v1rs.xgHalRufe1.0.p.pep.all.fa
GCA_019059575,Amphibalanus_amphitrite_gca019059575v1.NRLGWU_Aamphi_draft.cds.all.fa,Amphibalanus_amphitrite_gca019059575v1.NRLGWU_Aamphi_draft.pep.all.fa
GCA_016086655,Lepeophtheirus_salmonis.LSalAtl2s.cds.all.fa,Lepeophtheirus_salmonis.LSalAtl2s.pep.all.fa
GCA_000365465,Parasteatoda_tepidariorum_gca000365465v3.Ptep_3.0.cds.all.fa,Parasteatoda_tepidariorum_gca000365465v3.Ptep_3.0.pep.all.fa
GCA_000003605,Saccoglossus_kowalevskii_gca000003605v1.GCA000003605v1.cds.all.fa,Saccoglossus_kowalevskii_gca000003605v1.GCA000003605v1.pep.all.fa
GCA_007210705,Tigriopus_californicus_gca007210705.Tcal_SD_v2.1.cds.all.fa,Tigriopus_californicus_gca007210705.Tcal_SD_v2.1.pep.all.fa
GCA_013731165,Rhagoletis_pomonella_gca013731165v1.Rhpom_1.0.cds.all.fa,Rhagoletis_pomonella_gca013731165v1.Rhpom_1.0.pep.all.fa
GCA_000457365,Biomphalaria_glabrata.BglaB1.cds.all.fa,Biomphalaria_glabrata.BglaB1.pep.all.fa
GCA_000327385,Lottia_gigantea.Lotgi1.cds.all.fa,Lottia_gigantea.Lotgi1.pep.all.fa
GCA_011947565,Pollicipes_pollicipes_gca011947565v2.Ppol_2.cds.all.fa,Pollicipes_pollicipes_gca011947565v2.Ppol_2.pep.all.fa
GCA_002237135,Teleopsis_dalmanni.GCA002237135v2.cds.all.fa,Teleopsis_dalmanni.GCA002237135v2.pep.all.fa
GCA_014905235,Bombyx_mori.Bmori_2016v1.0.cds.all.fa,Bombyx_mori.Bmori_2016v1.0.pep.all.fa
GCA_013753865,Acropora_millepora_gca013753865v1.Amil_v2.1.cds.all.fa,Acropora_millepora_gca013753865v1.Amil_v2.1.pep.all.fa
GCA_000150275,Trichoplax_adhaerens.ASM15027v1.cds.all.fa,Trichoplax_adhaerens.ASM15027v1.pep.all.fa
GCA_016097555,Gigantopelta_aegis_gca016097555v1.Gae_host_genome.cds.all.fa,Gigantopelta_aegis_gca016097555v1.Gae_host_genome.pep.all.fa
GCA_000005575,Anopheles_gambiae.AgamP4.cds.all.fa,Anopheles_gambiae.AgamP4.pep.abinitio.fa
GCA_000090795,Amphimedon_queenslandica.Aqu1.cds.all.fa,Amphimedon_queenslandica.Aqu1.pep.all.fa
GCA_000671375,Centruroides_sculpturatus_gca000671375v2.Cexi_2.0.cds.all.fa,Centruroides_sculpturatus_gca000671375v2.Cexi_2.0.pep.all.fa
GCA_011630105,Anneissia_japonica_gca011630105v1.GCA011630105v1.cds.all.fa,Anneissia_japonica_gca011630105v1.GCA011630105v1.pep.all.fa
GCA_006345805,Octopus_sinensis_gca006345805v1.GCA006345805v1.cds.all.fa,Octopus_sinensis_gca006345805v1.GCA006345805v1.pep.all.fa
GCA_000180635,Pristionchus_pacificus.El_Paco_fix.cds.all.fa,Pristionchus_pacificus.El_Paco_fix.pep.all.fa
GCA_000764305,Hyalella_azteca_gca000764305v2.Hazt_2.0.cds.all.fa,Hyalella_azteca_gca000764305v2.Hazt_2.0.pep.all.fa
GCA_012934845,Pomphorhynchus_laevis_gca012934845v2gb.GCA012934845v2.cds.all.fa,Pomphorhynchus_laevis_gca012934845v2gb.GCA012934845v2.pep.all.fa
GCA_902459465,Asterias_rubens_gca902459465v3.eAstRub1.3.cds.all.fa,Asterias_rubens_gca902459465v3.eAstRub1.3.pep.abinitio.fa
GCA_003254395,Apis_mellifera.Amel_HAv3.1.cds.all.fa,Apis_mellifera.Amel_HAv3.1.pep.all.fa
GCA_001718145,Orchesella_cincta.ASM171814v1.cds.all.fa,Orchesella_cincta.ASM171814v1.pep.all.fa
GCA_009602425,Actinia_tenebrosa_gca009602425v1.GCA009602425v1.cds.all.fa,Actinia_tenebrosa_gca009602425v1.GCA009602425v1.pep.all.fa
GCA_903813345,Owenia_fusiformis_gca903813345v1.GCA903813345v1.cds.all.fa,Owenia_fusiformis_gca903813345v1.GCA903813345v1.pep.all.fa
GCA_000507365,Necator_americanus.N_americanus_v1.cds.all.fa,Necator_americanus.N_americanus_v1.pep.all.fa
GCA_004324835,Dendronephthya_gigantea_gca004324835v1.DenGig_1.0.cds.all.fa,Dendronephthya_gigantea_gca004324835v1.DenGig_1.0.pep.all.fa
GCA_000002995,Brugia_malayi.Bmal-4.0.cds.all.fa,Brugia_malayi.Bmal-4.0.pep.all.fa
GCA_018143015,Lytechinus_variegatus_gca018143015v1.Lvar_3.0.cds.all.fa,Lytechinus_variegatus_gca018143015v1.Lvar_3.0.pep.all.fa
GCA_019202785,Penaeus_chinensis_gca019202785v2rs.GCA019202785v2.cds.all.fa,Penaeus_chinensis_gca019202785v2rs.GCA019202785v2.pep.all.fa
GCA_002113885,Mizuhopecten_yessoensis_gca002113885v2.GCA002113885v2.cds.all.fa,Mizuhopecten_yessoensis_gca002113885v2.GCA002113885v2.pep.all.fa
GCA_000328365,Capitella_teleta.Capitella_teleta_v1.0.cds.all.fa,Capitella_teleta.Capitella_teleta_v1.0.pep.all.fa
GCA_000181795,Trichinella_spiralis.Tspiralis1.cds.all.fa,Trichinella_spiralis.Tspiralis1.pep.all.fa
GCA_000372725,Emiliania_huxleyi.Emiliana_huxleyi_CCMP1516_main_genome_assembly_v1.0.cds.all.fa,Emiliania_huxleyi.Emiliana_huxleyi_CCMP1516_main_genome_assembly_v1.0.pep.all.fa
GCA_001839685,Tritrichomonas_foetus_gca_001839685.ASM183968v1.cds.all.fa,Tritrichomonas_foetus_gca_001839685.ASM183968v1.pep.all.fa
GCA_000002765,Plasmodium_falciparum_raj116_gca_000186025.ASM18602v2.cds.all.fa,Plasmodium_falciparum_raj116_gca_000186025.ASM18602v2.pep.all.fa
GCA_000315625,Guillardia_theta.Guith1.cds.all.fa,Guillardia_theta.Guith1.pep.all.fa
GCA_000208925,Entamoeba_histolytica_gca_001662325.Ehistolytica_2016.cds.all.fa,Entamoeba_histolytica_gca_001662325.Ehistolytica_2016.pep.all.fa
GCA_000004985,Naegleria_gruberi_gca_000004985.V1.0.cds.all.fa,Naegleria_gruberi_gca_000004985.V1.0.pep.all.fa
GCA_000142905,Thecamonas_trahens_atcc_50062_gca_000142905.TheTra_May2010.cds.all.fa,Thecamonas_trahens_atcc_50062_gca_000142905.TheTra_May2010.pep.all.fa
GCA_000151315,Capsaspora_owczarzaki_atcc_30864_gca_000151315.C_owczarzaki_V2.cds.all.fa,Capsaspora_owczarzaki_atcc_30864_gca_000151315.C_owczarzaki_V2.pep.all.fa
GCA_001186125,Sphaeroforma_arctica_jp610_gca_001186125.Spha_arctica_JP610_V1.cds.all.fa,Sphaeroforma_arctica_jp610_gca_001186125.Spha_arctica_JP610_V1.pep.all.fa
GCA_000149755,Phytophthora_sojae.P_sojae_V3_0.cds.all.fa,Phytophthora_sojae.P_sojae_V3_0.pep.all.fa
GCA_000512085,Reticulomyxa_filosa_gca_000512085.Reti_assembly1.0.cds.all.fa,Reticulomyxa_filosa_gca_000512085.Reti_assembly1.0.pep.all.fa
GCA_000203815,Cavenderia_fasciculata_gca_000203815.DFas_2.0.cds.all.fa,Cavenderia_fasciculata_gca_000203815.DFas_2.0.pep.all.fa
GCA_003024175,Planoprotostelium_fungivorum_gca_003024175.ASM302417v1.cds.all.fa,Planoprotostelium_fungivorum_gca_003024175.ASM302417v1.pep.all.fa
GCA_001606155,Tieghemostelium_lacteum_gca_001606155.ASM160615v1.cds.all.fa,Tieghemostelium_lacteum_gca_001606155.ASM160615v1.pep.all.fa
GCA_000150955,Phaeodactylum_tricornutum.ASM15095v2.cds.all.fa,Phaeodactylum_tricornutum.ASM15095v2.pep.all.fa
GCA_000165425,Paramecium_tetraurelia.ASM16542v1.cds.all.fa,Paramecium_tetraurelia.ASM16542v1.pep.all.fa
GCA_001939145,Symbiodinium_microadriaticum_gca_001939145.ASM193914v1.cds.all.fa,Symbiodinium_microadriaticum_gca_001939145.ASM193914v1.pep.all.fa
GCA_000220395,Ichthyophthirius_multifiliis_gca_000220395.JCVI-IMG1-V.1.cds.all.fa,Ichthyophthirius_multifiliis_gca_000220395.JCVI-IMG1-V.1.pep.all.fa
GCA_000751175,Stylonychia_lemnae_gca_000751175.Stylonychia_lemnae_asm_v1.0.cds.all.fa,Stylonychia_lemnae_gca_000751175.Stylonychia_lemnae_asm_v1.0.pep.all.fa
GCA_000006565,Toxoplasma_gondii.TGA4.cds.all.fa,Toxoplasma_gondii.TGA4.pep.all.fa
GCA_001970955,Stentor_coeruleus_gca_001970955.ASM197095v1.cds.all.fa,Stentor_coeruleus_gca_001970955.ASM197095v1.pep.all.fa
GCA_000981445,Babesia_bigemina_gca_000981445.Bbig001.cds.all.fa,Babesia_bigemina_gca_000981445.Bbig001.pep.all.fa
GCA_002600585,Cystoisospora_suis_gca_002600585.ASM260058v1.cds.all.fa,Cystoisospora_suis_gca_002600585.ASM260058v1.pep.all.fa
GCA_000223845,Gregarina_niphandrodes_gca_000223845.GNI3.cds.all.fa,Gregarina_niphandrodes_gca_000223845.GNI3.pep.all.fa
GCA_000711775,Oxytricha_trifallax_gca_000711775.Oxytricha_MIC_v2.0.cds.all.fa,Oxytricha_trifallax_gca_000711775.Oxytricha_MIC_v2.0.pep.all.fa
GCA_002563875,Besnoitia_besnoiti_gca_002563875.Bbes1.0.cds.all.fa,Besnoitia_besnoiti_gca_002563875.Bbes1.0.pep.all.fa
GCA_000499545,Eimeria_tenella_gca_000499545.ETH001.cds.all.fa,Eimeria_tenella_gca_000499545.ETH001.pep.all.fa
GCA_000165345,Cryptosporidium_parvum_iowa_ii_gca_000165345.ASM16534v1.cds.all.fa,Cryptosporidium_parvum_iowa_ii_gca_000165345.ASM16534v1.pep.all.fa
GCA_000342415,Theileria_equi_strain_wa_gca_000342415.JCVI-bewag-v1.1.cds.all.fa,Theileria_equi_strain_wa_gca_000342415.JCVI-bewag-v1.1.pep.all.fa
GCA_000006405,Perkinsus_marinus_atcc_50983_gca_000006405.JCVI_PMG_1.0.cds.all.fa,Perkinsus_marinus_atcc_50983_gca_000006405.JCVI_PMG_1.0.pep.all.fa
GCA_001447515,Pseudocohnilembus_persalinus_gca_001447515.ASM144751v1.cds.all.fa,Pseudocohnilembus_persalinus_gca_001447515.ASM144751v1.pep.all.fa
GCA_000520075,Aphanomyces_astaci.GCA000520075v1.cds.all.fa,Aphanomyces_astaci.GCA000520075v1.pep.all.fa
GCA_002081575,Thraustotheca_clavata_gca_002081575.Thrcla_v1.cds.all.fa,Thraustotheca_clavata_gca_002081575.Thrcla_v1.pep.all.fa
GCA_900000015,Plasmopara_halstedii_gca_900000015.Plasmopara_halstedii_genome.cds.all.fa,Plasmopara_halstedii_gca_900000015.Plasmopara_halstedii_genome.pep.all.fa
GCA_000151545,Saprolegnia_parasitica_cbs_223_65_gca_000151545.ASM15154v2.cds.all.fa,Saprolegnia_parasitica_cbs_223_65_gca_000151545.ASM15154v2.pep.all.fa
GCA_000151665,Blastocystis_hominis_gca_000151665.ASM15166v1.cds.all.fa,Blastocystis_hominis_gca_000151665.ASM15166v1.pep.all.fa
GCA_000310025,Ectocarpus_siliculosus_gca_000310025.ASM31002v1.cds.all.fa,Ectocarpus_siliculosus_gca_000310025.ASM31002v1.pep.all.fa
GCA_000240725,Nannochloropsis_gaditana_gca_000569095.NagaB31_1.0.cds.all.fa,Nannochloropsis_gaditana_gca_000569095.NagaB31_1.0.pep.all.fa
GCA_002081595,Achlya_hypogyna_gca_002081595.ACH_lane_v1.cds.all.fa,Achlya_hypogyna_gca_002081595.ACH_lane_v1.pep.all.fa
GCA_000186865,Aureococcus_anophagefferens_gca_000186865.v_1.0.cds.all.fa,Aureococcus_anophagefferens_gca_000186865.v_1.0.pep.all.fa
GCA_000004695,Dictyostelium_discoideum.dicty_2.7.cds.all.fa,Dictyostelium_discoideum.dicty_2.7.pep.all.fa
GCA_000189635,Tetrahymena_thermophila.JCVI-TTA1-2.2.cds.all.fa,Tetrahymena_thermophila.JCVI-TTA1-2.2.pep.all.fa
GCA_000002725,Leishmania_major.ASM272v2.cds.all.fa,Leishmania_major.ASM272v2.pep.all.fa
GCA_000149405,Thalassiosira_pseudonana.ASM14940v2.cds.all.fa,Thalassiosira_pseudonana.ASM14940v2.pep.all.fa
GCA_002087225,Trypanosoma_theileri_gca_002087225.Tth_v3.cds.all.fa,Trypanosoma_theileri_gca_002087225.Tth_v3.pep.all.fa
GCA_001293395,Leptomonas_pyrrhocoris_gca_001293395.ASM129339v1.cds.all.fa,Leptomonas_pyrrhocoris_gca_001293395.ASM129339v1.pep.all.fa
GCA_000388065,Fonticula_alba_gca_000388065.Font_alba_ATCC_38817_V2.cds.all.fa,Fonticula_alba_gca_000388065.Font_alba_ATCC_38817_V2.pep.all.fa
GCA_000188695,Salpingoeca_rosetta_gca_000188695.Proterospongia_sp_ATCC50818.cds.all.fa,Salpingoeca_rosetta_gca_000188695.Proterospongia_sp_ATCC50818.pep.all.fa
GCA_000002865,Monosiga_brevicollis_mx1_gca_000002865.V1.0.cds.all.fa,Monosiga_brevicollis_mx1_gca_000002865.V1.0.pep.all.fa
GCA_000002435,Giardia_intestinalis_gca_000498715.ASM49871v1.cds.all.fa,Giardia_intestinalis_gca_000498715.ASM49871v1.pep.all.fa
GCA_000497125,Spironucleus_salmonicida_gca_000497125.SSK3.0.cds.all.fa,Spironucleus_salmonicida_gca_000497125.SSK3.0.pep.all.fa
GCA_003568945,Kipferlia_bialata_gca_003568945.KIPB_1.0.cds.all.fa,Kipferlia_bialata_gca_003568945.KIPB_1.0.pep.all.fa
GCA_000146045,Saccharomyces_cerevisiae.R64-1-1.cds.all.fa,Saccharomyces_cerevisiae.R64-1-1.pep.all.fa
GCA_000091025,Eremothecium_gossypii_fdag1_gca_000968835.ASM96883v1.cds.all.fa,Eremothecium_gossypii_fdag1_gca_000968835.ASM96883v1.pep.all.fa
GCA_000182925,Neurospora_crassa.NC12.cds.all.fa,Neurospora_crassa.NC12.pep.all.fa
GCA_000002945,Schizosaccharomyces_pombe.ASM294v2.cds.all.fa,Schizosaccharomyces_pombe.ASM294v2.pep.all.fa
GCA_000002525,Yarrowia_lipolytica_gca_003367865.YarliYB392.cds.all.fa,Yarrowia_lipolytica_gca_003367865.YarliYB392.pep.all.fa
GCA_003426965,Aspergillus_tanneri_gca_004798825.ASM479882v1.cds.all.fa,Aspergillus_tanneri_gca_004798825.ASM479882v1.pep.all.fa
GCA_004000055,Arthrobotrys_flagrans_gca_004000055.DF_1.0.cds.all.fa,Arthrobotrys_flagrans_gca_004000055.DF_1.0.pep.all.fa
GCA_003788615,Terfezia_boudieri_atcc_mya_4762_gca_003788615.Terbo2.cds.all.fa,Terfezia_boudieri_atcc_mya_4762_gca_003788615.Terbo2.pep.all.fa
GCA_000240135,Fusarium_graminearum.RR1.cds.all.fa,Fusarium_graminearum.RR1.pep.all.fa
GCA_000151295,Allomyces_macrogynus_atcc_38327_gca_000151295.A_macrogynus_V3.cds.all.fa,Allomyces_macrogynus_atcc_38327_gca_000151295.A_macrogynus_V3.pep.all.fa
GCA_000091045,Cryptococcus_neoformans_var_neoformans_b_3501a_gca_000149385.ASM14938v1.cds.all.fa,Cryptococcus_neoformans_var_neoformans_b_3501a_gca_000149385.ASM14938v1.pep.all.fa
GCA_000803265,Ordospora_colligata_gca_004325055.Ordospora_FISK_v1.cds.all.fa,Ordospora_colligata_gca_004325055.Ordospora_FISK_v1.pep.all.fa
GCA_000230595,Edhazardia_aedis_usnm_41457_gca_000230595.Edha_aedis_V4b.cds.all.fa,Edhazardia_aedis_usnm_41457_gca_000230595.Edha_aedis_V4b.pep.all.fa
GCA_000091225,Encephalitozoon_cuniculi_ecuniii_l_gca_001078035.ECIIIL.cds.all.fa,Encephalitozoon_cuniculi_ecuniii_l_gca_001078035.ECIIIL.pep.all.fa
GCA_004000155,Tubulinosema_ratisbonensis_gca_004000155.ASM400015v1.cds.all.fa,Tubulinosema_ratisbonensis_gca_004000155.ASM400015v1.pep.all.fa
GCA_001642395,Nematocida_displodere_gca_001642395.ASM164239v1.cds.all.fa,Nematocida_displodere_gca_001642395.ASM164239v1.pep.all.fa
GCA_001661345,Ascoidea_rubescens_dsm_1968_gca_001661345.Ascru1.cds.all.fa,Ascoidea_rubescens_dsm_1968_gca_001661345.Ascru1.pep.all.fa
GCA_001661315,Nadsonia_fulvescens_var_elongata_dsm_6958_gca_001661315.Nadfu1.cds.all.fa,Nadsonia_fulvescens_var_elongata_dsm_6958_gca_001661315.Nadfu1.pep.all.fa
GCA_000027005,Komagataella_phaffii_cbs_7435_gca_900235035.ASM90023503v1.cds.all.fa,Komagataella_phaffii_cbs_7435_gca_900235035.ASM90023503v1.pep.all.fa
GCA_001661255,Wickerhamomyces_anomalus_nrrl_y_366_8_gca_001661255.Wican1.cds.all.fa,Wickerhamomyces_anomalus_nrrl_y_366_8_gca_001661255.Wican1.pep.all.fa
GCA_000026365,Zygosaccharomyces_rouxii_gca_000026365.ASM2636v1.cds.all.fa,Zygosaccharomyces_rouxii_gca_000026365.ASM2636v1.pep.all.fa
GCA_001640025,Sugiyamaella_lignohabitans_gca_001640025.ASM164002v2.cds.all.fa,Sugiyamaella_lignohabitans_gca_001640025.ASM164002v2.pep.all.fa
GCA_003054445,Pichia_kudriavzevii_gca_003054445.ASM305444v1.cds.all.fa,Pichia_kudriavzevii_gca_003054445.ASM305444v1.pep.all.fa
GCA_001661475,Tortispora_caseinolytica_nrrl_y_17796_gca_001661475.Canca1.cds.all.fa,Tortispora_caseinolytica_nrrl_y_17796_gca_001661475.Canca1.pep.all.fa
GCA_001929475,Neolecta_irregularis_dah_3_gca_001929475.NeoIirr1.0.cds.all.fa,Neolecta_irregularis_dah_3_gca_001929475.NeoIirr1.0.pep.all.fa
GCA_001298625,Saccharomyces_eubayanus_gca_001298625.SEUB3.0.cds.all.fa,Saccharomyces_eubayanus_gca_001298625.SEUB3.0.pep.all.fa
GCA_002742065,Cercospora_beticola_gca_002742065.CB0940_V2.cds.all.fa,Cercospora_beticola_gca_002742065.CB0940_V2.pep.all.fa
GCA_001749795,Hanseniaspora_opuntiae_gca_001749795.ASM174979v1.cds.all.fa,Hanseniaspora_opuntiae_gca_001749795.ASM174979v1.pep.all.fa
GCA_000710275,Penicillium_chrysogenum_gca_000710275.ASM71027v1.cds.all.fa,Penicillium_chrysogenum_gca_000710275.ASM71027v1.pep.all.fa
GCA_001661245,Pachysolen_tannophilus_nrrl_y_2460_gca_001661245.Pacta1_2.cds.all.fa,Pachysolen_tannophilus_nrrl_y_2460_gca_001661245.Pacta1_2.pep.all.fa
GCA_000400465,Wallemia_ichthyophaga_gca_004918305.ASM491830v1.cds.all.fa,Wallemia_ichthyophaga_gca_004918305.ASM491830v1.pep.all.fa
GCA_003290485,Malassezia_restricta_cbs_7877_gca_003691605.ASM369160v1.cds.all.fa,Malassezia_restricta_cbs_7877_gca_003691605.ASM369160v1.pep.all.fa
GCA_000711695,Tilletiaria_anomala_ubc_951_gca_000711695.Tilletiaria_anomala_UBC_951_v1.0.cds.all.fa,Tilletiaria_anomala_ubc_951_gca_000711695.Tilletiaria_anomala_UBC_951_v1.0.pep.all.fa
GCA_000697705,Botryobasidium_botryosum_fd_172_ss1_gca_000697705.Botbo1.cds.all.fa,Botryobasidium_botryosum_fd_172_ss1_gca_000697705.Botbo1.pep.all.fa
GCA_000708205,Mixia_osmundae_iam_14324_gca_000241205.Mosmundae_2.0.cds.all.fa,Mixia_osmundae_iam_14324_gca_000241205.Mosmundae_2.0.pep.all.fa
GCA_000182895,Coprinopsis_cinerea_okayama7_130_gca_000182895.CC3.cds.all.fa,Coprinopsis_cinerea_okayama7_130_gca_000182895.CC3.pep.all.fa
GCA_900102585,Microbotryum_saponariae_gca_900100905.MvSof1.cds.all.fa,Microbotryum_saponariae_gca_900100905.MvSof1.pep.all.fa
GCA_000237345,Naumovozyma_castellii_cbs_4309_gca_000237345.ASM23734v1.cds.all.fa,Naumovozyma_castellii_cbs_4309_gca_000237345.ASM23734v1.pep.all.fa
GCA_000525045,Drechslerella_stenobrocha_248_gca_000525045.DREv1.cds.all.fa,Drechslerella_stenobrocha_248_gca_000525045.DREv1.pep.all.fa
GCA_000235365,Eremothecium_cymbalariae_dbvpg_7215_gca_000235365.ASM23536v1.cds.all.fa,Eremothecium_cymbalariae_dbvpg_7215_gca_000235365.ASM23536v1.pep.all.fa
GCA_000304475,Kazachstania_africana_cbs_2517_gca_000304475.Ka_CBS2517.cds.all.fa,Kazachstania_africana_cbs_2517_gca_000304475.Ka_CBS2517.pep.all.fa
GCA_000576695,Kuraishia_capsulata_cbs_1993_gca_000576695.AUH_PRJEB4427_v1.cds.all.fa,Kuraishia_capsulata_cbs_1993_gca_000576695.AUH_PRJEB4427_v1.pep.all.fa
GCA_000150035,Vanderwaltozyma_polyspora_dsm_70294_gca_000150035.ASM15003v1.cds.all.fa,Vanderwaltozyma_polyspora_dsm_70294_gca_000150035.ASM15003v1.pep.all.fa
GCA_000002515,Kluyveromyces_lactis_gca_000002515.ASM251v1.cds.all.fa,Kluyveromyces_lactis_gca_000002515.ASM251v1.pep.all.fa
GCA_000142805,Lachancea_thermotolerans_cbs_6340_gca_000142805.ASM14280v1.cds.all.fa,Lachancea_thermotolerans_cbs_6340_gca_000142805.ASM14280v1.pep.all.fa
GCA_000315915,Tetrapisispora_blattae_cbs_6284_gca_000315915.ASM31591v1.cds.all.fa,Tetrapisispora_blattae_cbs_6284_gca_000315915.ASM31591v1.pep.all.fa
GCA_001566745,Conidiobolus_coronatus_nrrl_28638_gca_001566745.Conidiobolus_coronatus_NRRL28638.cds.all.fa,Conidiobolus_coronatus_nrrl_28638_gca_001566745.Conidiobolus_coronatus_NRRL28638.pep.all.fa
GCA_006535985,Synchytrium_microbalum_gca_006535985.ASM653598v1.cds.all.fa,Synchytrium_microbalum_gca_006535985.ASM653598v1.pep.all.fa
GCA_001574975,Gonapodya_prolifera_jel478_gca_001574975.Ganpr1.cds.all.fa,Gonapodya_prolifera_jel478_gca_001574975.Ganpr1.pep.all.fa
GCA_003615045,Caulochytrium_protostelioides_gca_003615035.Caupr_SCcomb.cds.all.fa,Caulochytrium_protostelioides_gca_003615035.Caupr_SCcomb.pep.all.fa
GCA_002104945,Piromyces_finnis_gca_002104945.Piromyces_sp._finnis_v3.0.cds.all.fa,Piromyces_finnis_gca_002104945.Piromyces_sp._finnis_v3.0.pep.all.fa
GCA_000328475,Ustilago_maydis.Umaydis521_2.0.cds.all.fa,Ustilago_maydis.Umaydis521_2.0.pep.all.fa
GCA_002261195,Bifiguratus_adelaidae_gca_002261195.ASM226119v1.cds.all.fa,Bifiguratus_adelaidae_gca_002261195.ASM226119v1.pep.all.fa
GCA_000439145,Rhizophagus_irregularis_gca_001593125.ASM159312v1.cds.all.fa,Rhizophagus_irregularis_gca_001593125.ASM159312v1.pep.all.fa
GCA_002105155,Lobosporangium_transversale_gca_002105155.Lobtra1.cds.all.fa,Lobosporangium_transversale_gca_002105155.Lobtra1.pep.all.fa
GCA_002105135,Syncephalastrum_racemosum_gca_002105135.Synrac1.cds.all.fa,Syncephalastrum_racemosum_gca_002105135.Synrac1.pep.all.fa
GCA_000149305,Rhizopus_delemar_ra_99_880_gca_000149305.RO3.cds.all.fa,Rhizopus_delemar_ra_99_880_gca_000149305.RO3.pep.all.fa
GCA_008704595,Diutina_rugosa_gca_008704595.ASM870459v1.cds.all.fa,Diutina_rugosa_gca_008704595.ASM870459v1.pep.all.fa
GCA_002794465,Paramicrosporidium_saccamoebae_gca_002794465.KSL3_v6.cds.all.fa,Paramicrosporidium_saccamoebae_gca_002794465.KSL3_v6.pep.all.fa
GCA_000442015,Rozella_allomycis_csf55_gca_000442015.Rozella_k41_t100.cds.all.fa,Rozella_allomycis_csf55_gca_000442015.Rozella_k41_t100.pep.all.fa
GCA_000633955,Camelina_sativa.Cs.cds.all.fa,Camelina_sativa.Cs.pep.all.fa
GCA_003032435,Marchantia_polymorpha.Marchanta_polymorpha_v1.cds.all.fa,Marchantia_polymorpha.Marchanta_polymorpha_v1.pep.all.fa
GCA_003576645,Ipomoea_triloba.ASM357664v1.cds.all.fa,Ipomoea_triloba.ASM357664v1.pep.all.fa
GCA_904849725,Hordeum_vulgare.MorexV3_pseudomolecules_assembly.cds.all.fa,Hordeum_vulgare.MorexV3_pseudomolecules_assembly.pep.all.fa
GCA_001974805,Corchorus_capsularis.CCACVL1_1.0.cds.all.fa,Corchorus_capsularis.CCACVL1_1.0.pep.all.fa
GCA_008831285,Nymphaea_colorata.ASM883128v1.cds.all.fa,Nymphaea_colorata.ASM883128v1.pep.all.fa
GCA_000309985,Brassica_rapa_ro18.SCU_BraROA_2.3.cds.all.fa,Brassica_rapa_ro18.SCU_BraROA_2.3.pep.all.fa
GCA_000001735,Arabidopsis_thaliana.TAIR10.cds.all.fa,Arabidopsis_thaliana.TAIR10.pep.abinitio.fa
GCA_003573695,Papaver_somniferum.ASM357369v1.cds.all.fa,Papaver_somniferum.ASM357369v1.pep.all.fa
GCA_007726485,Eragrostis_curvula.CERZOS_E.curvula1.0.cds.all.fa,Eragrostis_curvula.CERZOS_E.curvula1.0.pep.all.fa
GCA_001683475,Chenopodium_quinoa.ASM168347v1.cds.all.fa,Chenopodium_quinoa.ASM168347v1.pep.all.fa
GCA_003073215,Triticum_urartu.IGDB.cds.all.fa,Triticum_urartu.IGDB.pep.all.fa
GCA_000002775,Populus_trichocarpa.Pop_tri_v3.cds.all.fa,Populus_trichocarpa.Pop_tri_v3.pep.all.fa
GCA_000004255,Arabidopsis_lyrata.v.1.0.cds.all.fa,Arabidopsis_lyrata.v.1.0.pep.abinitio.fa
GCA_019359855,Lolium_perenne.MPB_Lper_Kyuss_1697.cds.all.fa,Lolium_perenne.MPB_Lper_Kyuss_1697.pep.all.fa
GCA_014858505,Corymbia_citriodora.Ccitriodora_v2_1.cds.all.fa,Corymbia_citriodora.Ccitriodora_v2_1.pep.all.fa
GCA_001625215,Daucus_carota.ASM162521v1.cds.all.fa,Daucus_carota.ASM162521v1.pep.all.fa
GCA_002742605,Olea_europaea_sylvestris.O_europaea_v1.cds.all.fa,Olea_europaea_sylvestris.O_europaea_v1.pep.all.fa
GCA_900626175,Cannabis_sativa_female.cs10.cds.all.fa,Cannabis_sativa_female.cs10.pep.all.fa
GCA_001531365,Cynara_cardunculus.CcrdV1.cds.all.fa,Cynara_cardunculus.CcrdV1.pep.all.fa
GCA_000002425,Physcomitrium_patens.Phypa_V3.cds.all.fa,Physcomitrium_patens.Phypa_V3.pep.all.fa
GCA_002114115,Malus_domestica_golden.ASM211411v1.cds.all.fa,Malus_domestica_golden.ASM211411v1.pep.all.fa
GCA_000188115,Solanum_lycopersicum.SL3.0.cds.all.fa,Solanum_lycopersicum.SL3.0.pep.all.fa
GCA_002870075,Lactuca_sativa.Lsat_Salinas_v7.cds.all.fa,Lactuca_sativa.Lsat_Salinas_v7.pep.all.fa
GCA_000003195,Sorghum_bicolor.Sorghum_bicolor_NCBIv3.cds.all.fa,Sorghum_bicolor.Sorghum_bicolor_NCBIv3.pep.all.fa
GCA_002575655,Aegilops_tauschii.Aet_v4.0.cds.all.fa,Aegilops_tauschii.Aet_v4.0.pep.all.fa
GCA_002211085,Panicum_hallii.PhalliiHAL_v2.1.cds.all.fa,Panicum_hallii.PhalliiHAL_v2.1.pep.all.fa
GCA_000341285,Galdieria_sulphuraria.ASM34128v1.cds.all.fa,Galdieria_sulphuraria.ASM34128v1.pep.all.fa
GCA_001659605,Manihot_esculenta.Manihot_esculenta_v6.cds.all.fa,Manihot_esculenta.Manihot_esculenta_v6.pep.all.fa
GCA_001433935,Oryza_sativa.IRGSP-1.0.cds.all.fa,Oryza_sativa.IRGSP-1.0.pep.abinitio.fa
GCA_001879085,Nicotiana_attenuata.NIATTr2.cds.all.fa,Nicotiana_attenuata.NIATTr2.pep.all.fa
GCA_000002595,Chlamydomonas_reinhardtii.Chlamydomonas_reinhardtii_v5.5.cds.all.fa,Chlamydomonas_reinhardtii.Chlamydomonas_reinhardtii_v5.5.pep.all.fa
GCA_000493195,Citrus_clementina.Citrus_clementina_v1.0.cds.all.fa,Citrus_clementina.Citrus_clementina_v1.0.pep.all.fa
GCA_002127325,Helianthus_annuus.HanXRQr2.0-SUNRISE.cds.all.fa,Helianthus_annuus.HanXRQr2.0-SUNRISE.pep.all.fa
GCA_001876935,Asparagus_officinalis.Aspof.V1.cds.all.fa,Asparagus_officinalis.Aspof.V1.pep.all.fa
GCA_000471905,Amborella_trichopoda.AMTR1.0.cds.all.fa,Amborella_trichopoda.AMTR1.0.pep.all.fa
GCA_000005505,Brachypodium_distachyon.Brachypodium_distachyon_v3.0.cds.all.fa,Brachypodium_distachyon.Brachypodium_distachyon_v3.0.pep.all.fa
GCA_004118075,Vigna_unguiculata.ASM411807v1.cds.all.fa,Vigna_unguiculata.ASM411807v1.pep.all.fa
GCA_005286985,Setaria_viridis.Setaria_viridis_v2.0.cds.all.fa,Setaria_viridis.Setaria_viridis_v2.0.pep.all.fa
GCA_900059795,Coffea_canephora.AUK_PRJEB4211_v1.cds.all.fa,Coffea_canephora.AUK_PRJEB4211_v1.pep.all.fa
GCA_008641045,Pistacia_vera.PisVer_v2.cds.all.fa,Pistacia_vera.PisVer_v2.pep.all.fa
GCA_000143415,Selaginella_moellendorffii.v1.0.cds.all.fa,Selaginella_moellendorffii.v1.0.pep.all.fa
GCA_001411555,Juglans_regia.Walnut_2.0.cds.all.fa,Juglans_regia.Walnut_2.0.pep.all.fa
GCA_000478725,Eutrema_salsugineum.Eutsalg1_0.cds.all.fa,Eutrema_salsugineum.Eutsalg1_0.pep.all.fa
GCA_003427395,Chara_braunii.Cbr_1.0.cds.all.fa,Chara_braunii.Cbr_1.0.pep.all.fa
GCA_000004075,Cucumis_sativus.ASM407v2.cds.all.fa,Cucumis_sativus.ASM407v2.pep.all.fa
GCA_000208745,Theobroma_cacao_criollo.Criollo_cocoa_genome_V2.cds.all.fa,Theobroma_cacao_criollo.Criollo_cocoa_genome_V2.pep.all.fa
GCA_000499845,Phaseolus_vulgaris.PhaVulg1_0.cds.all.fa,Phaseolus_vulgaris.PhaVulg1_0.pep.all.fa
GCA_000004515,Glycine_max.Glycine_max_v2.1.cds.all.fa,Glycine_max.Glycine_max_v2.1.pep.all.fa
GCA_000350225,Chondrus_crispus.ASM35022v2.cds.all.fa,Chondrus_crispus.ASM35022v2.pep.all.fa
GCA_000091205,Cyanidioschyzon_merolae.ASM9120v1.cds.all.fa,Cyanidioschyzon_merolae.ASM9120v1.pep.all.fa
GCA_000512975,Sesamum_indicum.S_indicum_v1.0.cds.all.fa,Sesamum_indicum.S_indicum_v1.0.pep.all.fa
GCA_002994745,Rosa_chinensis.RchiOBHm-V2.cds.all.fa,Rosa_chinensis.RchiOBHm-V2.pep.all.fa
GCA_001633185,Quercus_lobata.ValleyOak3.0.cds.all.fa,Quercus_lobata.ValleyOak3.0.pep.all.fa
GCA_000340665,Cajanus_cajan.C.cajan_V1.0.cds.all.fa,Cajanus_cajan.C.cajan_V1.0.pep.all.fa
GCA_000346465,Prunus_persica.Prunus_persica_NCBIv2.cds.all.fa,Prunus_persica.Prunus_persica_NCBIv2.pep.all.fa
GCA_000092065,Ostreococcus_lucimarinus.ASM9206v1.cds.all.fa,Ostreococcus_lucimarinus.ASM9206v1.pep.all.fa
GCA_000002285,Canis_lupus_familiarisgreatdane.UMICH_Zoey_3.1.cds.all.fa,Canis_lupus_familiarisgreatdane.UMICH_Zoey_3.1.pep.abinitio.fa
GCA_003957565,Taeniopygia_guttata.bTaeGut1_v1.p.cds.all.fa,Taeniopygia_guttata.bTaeGut1_v1.p.pep.abinitio.fa
GCA_000151885,Dipodomys_ordii.Dord_2.0.cds.all.fa,Dipodomys_ordii.Dord_2.0.pep.abinitio.fa
GCA_000317375,Microtus_ochrogaster.MicOch1.0.cds.all.fa,Microtus_ochrogaster.MicOch1.0.pep.abinitio.fa
GCA_002204375,Meriones_unguiculatus.MunDraft-v1.0.cds.all.fa,Meriones_unguiculatus.MunDraft-v1.0.pep.abinitio.fa
GCA_000001405,Homo_sapiens.GRCh38.cds.all.fa,Homo_sapiens.GRCh38.pep.abinitio.fa
GCA_002234675,Oryzias_latipes_hni.ASM223471v1.cds.all.fa,Oryzias_latipes_hni.ASM223471v1.pep.abinitio.fa
GCA_000090745,Anolis_carolinensis.AnoCar2.0v2.cds.all.fa,Anolis_carolinensis.AnoCar2.0v2.pep.abinitio.fa
GCA_000165445,Microcebus_murinus.Mmur_3.0.cds.all.fa,Microcebus_murinus.Mmur_3.0.pep.abinitio.fa
GCA_003342905,Dromaius_novaehollandiae.droNov1.cds.all.fa,Dromaius_novaehollandiae.droNov1.pep.abinitio.fa
GCA_011100555,Callithrix_jacchus.mCalJac1.pat.X.cds.all.fa,Callithrix_jacchus.mCalJac1.pat.X.pep.abinitio.fa
GCA_000224145,Ciona_intestinalis.KH.cds.all.fa,Ciona_intestinalis.KH.pep.abinitio.fa
GCA_003426925,Urocitellus_parryii.ASM342692v1.cds.all.fa,Urocitellus_parryii.ASM342692v1.pep.abinitio.fa
GCA_900094665,Mus_caroli.CAROLI_EIJ_v1.1.cds.all.fa,Mus_caroli.CAROLI_EIJ_v1.1.pep.abinitio.fa
GCA_000001635,Mus_musculus_aj.A_J_v1.cds.all.fa,Mus_musculus_aj.A_J_v1.pep.abinitio.fa
GCA_000147115,Myotis_lucifugus.Myoluc2.0.cds.all.fa,Myotis_lucifugus.Myoluc2.0.pep.abinitio.fa
GCA_000208655,Dasypus_novemcinctus.Dasnov3.0.cds.all.fa,Dasypus_novemcinctus.Dasnov3.0.pep.abinitio.fa
GCA_016699485,Gallus_gallus.bGalGal1.mat.broiler.GRCg7b.cds.all.fa,Gallus_gallus.bGalGal1.mat.broiler.GRCg7b.pep.all.fa
GCA_000001905,Loxodonta_africana.loxAfr3.cds.all.fa,Loxodonta_africana.loxAfr3.pep.abinitio.fa
GCA_000002295,Monodelphis_domestica.ASM229v1.cds.all.fa,Monodelphis_domestica.ASM229v1.pep.abinitio.fa
GCA_001723895,Crocodylus_porosus.CroPor_comp1.cds.all.fa,Crocodylus_porosus.CroPor_comp1.pep.abinitio.fa
GCA_000164805,Carlito_syrichta.Tarsius_syrichta-2.0.1.cds.all.fa,Carlito_syrichta.Tarsius_syrichta-2.0.1.pep.abinitio.fa
GCA_000002035,Danio_rerio.GRCz11.cds.all.fa,Danio_rerio.GRCz11.pep.abinitio.fa
GCA_003339765,Macaca_mulatta.Mmul_10.cds.all.fa,Macaca_mulatta.Mmul_10.pep.abinitio.fa
GCA_015227675,Rattus_norvegicus.mRatBN7.2.cds.all.fa,Rattus_norvegicus.mRatBN7.2.pep.abinitio.fa
GCA_905237065,Salmo_salar.Ssal_v3.1.cds.all.fa,Salmo_salar.Ssal_v3.1.pep.abinitio.fa
GCA_000230535,Pelodiscus_sinensis.PelSin_1.0.cds.all.fa,Pelodiscus_sinensis.PelSin_1.0.pep.abinitio.fa
GCA_900747795,Erpetoichthys_calabaricus.fErpCal1.1.cds.all.fa,Erpetoichthys_calabaricus.fErpCal1.1.pep.abinitio.fa
GCA_901000725,Takifugu_rubripes.fTakRub1.2.cds.all.fa,Takifugu_rubripes.fTakRub1.2.pep.abinitio.fa
GCA_000622305,Nannospalax_galili.S.galili_v1.0.cds.all.fa,Nannospalax_galili.S.galili_v1.0.pep.abinitio.fa
GCA_900095145,Mus_pahari.PAHARI_EIJ_v1.1.cds.all.fa,Mus_pahari.PAHARI_EIJ_v1.1.pep.abinitio.fa
GCA_000004195,Xenopus_tropicalis.UCB_Xtro_10.0.cds.all.fa,Xenopus_tropicalis.UCB_Xtro_10.0.pep.abinitio.fa
GCA_000225785,Latimeria_chalumnae.LatCha1.cds.all.fa,Latimeria_chalumnae.LatCha1.pep.abinitio.fa
GCA_004115215,Ornithorhynchus_anatinus.mOrnAna1.p.v1.cds.all.fa,Ornithorhynchus_anatinus.mOrnAna1.p.v1.pep.abinitio.fa
GCA_000151735,Cavia_porcellus.Cavpor3.0.cds.all.fa,Cavia_porcellus.Cavpor3.0.pep.abinitio.fa
GCA_001875675,Amphiamblys_sp_wsbs2006_gca_001875675.ASM187567v1.cds.all.fa,Amphiamblys_sp_wsbs2006_gca_001875675.ASM187567v1.pep.all.fa
GCA_009730915,Dioscorea_rotundata.TDr96_F1_v2_PseudoChromosome.pep.all.fa,Dioscorea_rotundata.TDr96_F1_v2_PseudoChromosome.cds.all.fa
GCA_004217705,Metschnikowia_aff_pulcherrima_gca_004217705.ASM421770v1.cds.all.fa,Metschnikowia_aff_pulcherrima_gca_004217705.ASM421770v1.pep.all.fa
GCA_001712635,Nothophytophthora_sp_chile5_gca_001712635.PfChile5v2.0.cds.all.fa,Nothophytophthora_sp_chile5_gca_001712635.PfChile5v2.0.pep.all.fa
GCA_001235845,Perkinsela_sp_ccap_1560_4_gca_001235845.ASM123584v1.cds.all.fa,Perkinsela_sp_ccap_1560_4_gca_001235845.ASM123584v1.pep.all.fa
GCA_900660405,Pseudonitzschia_multistriata.ASM90066040v1.cds.all.fa,Pseudonitzschia_multistriata.ASM90066040v1.pep.all.fa
GCA_000412225,Saccharomycetaceae_sp_ashbya_aceri_gca_000412225.ASM41222v2.cds.all.fa,Saccharomycetaceae_sp_ashbya_aceri_gca_000412225.ASM41222v2.pep.all.fa
GCA_013694445,Torulaspora_globosa_gca_013694445.ASM1369444v1.cds.all.fa,Torulaspora_globosa_gca_013694445.ASM1369444v1.pep.all.fa
GCA_024346535,Eptatretus_burgeri.Eburgeri_3.2.cds.all.fa,Eptatretus_burgeri.Eburgeri_3.2.pep.all.fa
GCA_000239455,Strigamia_maritima.Smar1.cds.all.fa,Strigamia_maritima.Smar1.pep.all.fa
GCA_000002545,GCA_000002545.2_cds.fa,GCA_000002545.2_pep.fa
GCA_000203815,GCA_000203815.1_cds.fa,GCA_000203815.1_pep.fa
GCA_001460835,GCA_001460835.1_cds.fa,GCA_001460835.1_pep.fa
GCA_002245815,GCA_002245815.2_cds.fa,GCA_002245815.2_pep.fa
GCA_013995675,GCA_013995675.1_cds.fa,GCA_013995675.1_pep.fa
GCA_017918235,GCA_017918235.1_cds.fa,GCA_017918235.1_pep.fa
GCA_020536535,GCA_020536535.1_cds.fa,GCA_020536535.1_pep.fa
GCA_023343905,GCA_023343905.1_cds.fa,GCA_023343905.1_pep.fa
GCA_026979955,GCA_026979955.1_cds.fa,GCA_026979955.1_pep.fa
GCA_029532465,GCA_029532465.1_cds.fa,GCA_029532465.1_pep.fa
GCA_947243785,GCA_947243785.1_cds.fa,GCA_947243785.1_pep.fa
GCA_003426905,GCF_003426905.1_cds.fa,GCF_003426905.1_pep.fa
GCA_016746365,GCF_016746365.2_cds.fa,GCF_016746365.2_pep.fa
GCA_018153725,GCF_018153725.1_cds.fa,GCF_018153725.1_pep.fa
GCA_028858775,GCF_028858775.1_cds.fa,GCF_028858775.1_pep.fa
GCA_921293095,GCF_921293095.1_cds.fa,GCF_921293095.1_pep.fa
GCA_000004825,GCA_000004825.1_cds.fa,GCA_000004825.1_pep.fa
GCA_000258705,GCA_000258705.1_cds.fa,GCA_000258705.1_pep.fa
GCA_001643675,GCA_001643675.2_cds.fa,GCA_001643675.2_pep.fa
GCA_003194525,GCA_003194525.1_cds.fa,GCA_003194525.1_pep.fa
GCA_014529385,GCA_014529385.2_cds.fa,GCA_014529385.2_pep.fa
GCA_019776745,GCA_019776745.2_cds.fa,GCA_019776745.2_pep.fa
GCA_020887355,GCA_020887355.1_cds.fa,GCA_020887355.1_pep.fa
GCA_025201885,GCA_025201885.1_cds.fa,GCA_025201885.1_pep.fa
GCA_027625915,GCA_027625915.1_cds.fa,GCA_027625915.1_pep.fa
GCA_029953675,GCA_029953675.1_cds.fa,GCA_029953675.1_pep.fa
GCA_947243795,GCA_947243795.1_cds.fa,GCA_947243795.1_pep.fa
GCA_004382195,GCF_004382195.2_cds.fa,GCF_004382195.2_pep.fa
GCA_016746395,GCF_016746395.2_cds.fa,GCF_016746395.2_pep.fa
GCA_018902025,GCF_018902025.1_cds.fa,GCF_018902025.1_pep.fa
GCA_028885625,GCF_028885625.1_cds.fa,GCF_028885625.1_pep.fa
GCA_932526225,GCF_932526225.1_cds.fa,GCF_932526225.1_pep.fa
GCA_000090985,GCA_000090985.2_cds.fa,GCA_000090985.2_pep.fa
GCA_000277445,GCA_000277445.1_cds.fa,GCA_000277445.1_pep.fa
GCA_002049455,GCA_002049455.2_cds.fa,GCA_002049455.2_pep.fa
GCA_008636045,GCA_008636045.1_cds.fa,GCA_008636045.1_pep.fa
GCA_014871385,GCA_014871385.1_cds.fa,GCA_014871385.1_pep.fa
GCA_019828565,GCA_019828565.1_cds.fa,GCA_019828565.1_pep.fa
GCA_021605115,GCA_021605115.1_cds.fa,GCA_021605115.1_pep.fa
GCA_025209345,GCA_025209345.1_cds.fa,GCA_025209345.1_pep.fa
GCA_027972325,GCA_027972325.1_cds.fa,GCA_027972325.1_pep.fa
GCA_903995115,GCA_903995115.1_cds.fa,GCA_903995115.1_pep.fa
GCA_001625305,GCF_001625305.1_cds.fa,GCF_001625305.1_pep.fa
GCA_006542625,GCF_006542625.1_cds.fa,GCF_006542625.1_pep.fa
GCA_017639515,GCF_017639515.1_cds.fa,GCF_017639515.1_pep.fa
GCA_018977255,GCF_018977255.1_cds.fa,GCF_018977255.1_pep.fa
GCA_029281585,GCF_029281585.1_cds.fa,GCF_029281585.1_pep.fa
GCA_000143455,GCA_000143455.1_cds.fa,GCA_000143455.1_pep.fa
GCA_000582765,GCA_000582765.1_cds.fa,GCA_000582765.1_pep.fa
GCA_002079055,GCA_002079055.1_cds.fa,GCA_002079055.1_pep.fa
GCA_008690995,GCA_008690995.1_cds.fa,GCA_008690995.1_pep.fa
GCA_014905635,GCA_014905635.1_cds.fa,GCA_014905635.1_pep.fa
GCA_020186115,GCA_020186115.1_cds.fa,GCA_020186115.1_pep.fa
GCA_022539475,GCA_022539475.1_cds.fa,GCA_022539475.1_pep.fa
GCA_025594305,GCA_025594305.2_cds.fa,GCA_025594305.2_pep.fa
GCA_028826165,GCA_028826165.1_cds.fa,GCA_028826165.1_pep.fa
GCA_916048055,GCA_916048055.1_cds.fa,GCA_916048055.1_pep.fa
GCA_003286085,GCF_003286085.1_cds.fa,GCF_003286085.1_pep.fa
GCA_009870125,GCF_009870125.1_cds.fa,GCF_009870125.1_pep.fa
GCA_017654505,GCF_017654505.1_cds.fa,GCF_017654505.1_pep.fa
GCA_019279795,GCF_019279795.1_cds.fa,GCF_019279795.1_pep.fa
GCA_902167145,GCF_902167145.1_cds.fa,GCF_902167145.1_pep.fa
GCA_000146915,GCA_000146915.2_cds.fa,GCA_000146915.2_pep.fa
GCA_000787575,GCA_000787575.2_cds.fa,GCA_000787575.2_pep.fa
GCA_002220235,GCA_002220235.1_cds.fa,GCA_002220235.1_pep.fa
GCA_009859145,GCA_009859145.1_cds.fa,GCA_009859145.1_pep.fa
GCA_016858145,GCA_016858145.1_cds.fa,GCA_016858145.1_pep.fa
GCA_020310875,GCA_020310875.1_cds.fa,GCA_020310875.1_pep.fa
GCA_023205875,GCA_023205875.1_cds.fa,GCA_023205875.1_pep.fa
GCA_026770585,GCA_026770585.1_cds.fa,GCA_026770585.1_pep.fa
GCA_029204225,GCA_029204225.1_cds.fa,GCA_029204225.1_pep.fa
GCA_947241705,GCA_947241705.1_cds.fa,GCA_947241705.1_pep.fa
GCA_003286155,GCF_003286155.1_cds.fa,GCF_003286155.1_pep.fa
GCA_010993605,GCF_010993605.1_cds.fa,GCF_010993605.1_pep.fa
GCA_018153295,GCF_018153295.1_cds.fa,GCF_018153295.1_pep.fa
GCA_023898315,GCF_023898315.1_cds.fa,GCF_023898315.1_pep.fa
GCA_905475395,GCF_905475395.1_cds.fa,GCF_905475395.1_pep.fa
GCA_000313135,Acanthamoeba_castellanii_str_neff_gca_000313135.Acastellanii.strNEFF_v1.cds.all.fa,Acanthamoeba_castellanii_str_neff_gca_000313135.Acastellanii.strNEFF_v1.pep.all.fa

